{
  "version": 2,
  "modelType": "logistic-regression",
  "createdAt": "2026-02-26T01:58:52.252Z",
  "featureCount": 15,
  "featureNames": [
    "priceToMedian",
    "discountVsMedian",
    "priceZScore",
    "ageNormalized",
    "conditionScore",
    "sentimentScoreNormalized",
    "superPriceFlag",
    "hasRecentPriceDrop",
    "dropRatio",
    "lastDeltaRatio",
    "isCar",
    "kilometersNormalized",
    "defectRiskFlag",
    "severeDefectFlag",
    "auctionOrLegalRiskFlag"
  ],
  "weights": [
    -0.5862295531479913,
    1.2151464319226926,
    -0.5396997896070362,
    -0.07464974104855279,
    0.25139848643875173,
    0,
    1.0619552278881348,
    0.2431493539204232,
    0.1077729790174694,
    0.23490858909325493,
    -0.2573176006047044,
    -0.02743939730527347,
    -0.2513984864387507,
    -0.2513984864387507,
    0
  ],
  "bias": -1.5346144611664436,
  "threshold": 0.64,
  "normalization": {
    "means": [
      1.1710428486993494,
      -0.017130924181114372,
      0.17102753464863638,
      0.04206987990196077,
      0.4911764705882353,
      0,
      0.49019607843137253,
      0.11764705882352941,
      0.017783905393514453,
      0.0020557920431635247,
      0.2549019607843137,
      0.2653725490196079,
      0.0196078431372549,
      0.0196078431372549,
      0
    ],
    "stdDevs": [
      0.9429398255255099,
      0.5630350530107692,
      0.9950614008458784,
      0.04687373664297576,
      0.062391774810577706,
      1,
      0.4999038738816458,
      0.32218973970892145,
      0.05503153008050314,
      0.10801127180543559,
      0.43580609354691907,
      0.6418019351422409,
      0.13864838846795052,
      0.13864838846795052,
      1
    ]
  },
  "metrics": {
    "train": {
      "loss": 0.19067842083105035,
      "accuracy": 1,
      "precision": 1,
      "recall": 1,
      "f1": 1,
      "positives": 17,
      "negatives": 34
    },
    "test": {
      "loss": 0.14064899554029206,
      "accuracy": 1,
      "precision": 1,
      "recall": 1,
      "f1": 1,
      "positives": 2,
      "negatives": 11
    },
    "datasetSize": 64,
    "trainSize": 51,
    "testSize": 13,
    "positiveRate": 0.296875
  },
  "training": {
    "learningRate": 0.05,
    "epochs": 450,
    "l2": 0.0008,
    "logEvery": 50
  },
  "source": {
    "datasetPath": "/home/faraujo/projects/olx-webscraping/artifacts/data/dataset.json"
  }
}